ID,Name,Group ID,Group Order,Group,Image,Link Uri,Link Title,Order
38,Quaker<sup>®</sup> Standard Oats,5,2,Quaker<sup>®</sup> Standard Oats,Quaker Standard Oats category.png,,View Products,20
48,Quaker<sup>®</sup> Dipps<sup>®</sup> Granola Bars,1,6,Quaker<sup>®</sup> Granola Bars,Quaker Dipps bar category.png,,View Products,21
55,Crispy Minis<sup>®</sup> Rice Snacks,7,7,Crispy Minis<sup>®</sup> Rice Chips,Crispy Minis category.png,,View Products,22
51,Muffin Mix,3,5,"Quaker<sup>®</sup> Muffin, Cookie & Brownie Mix",Quaker Muffin category.png,,View Products,23
47,Quaker Chewy<sup>®</sup> Granola Bars,1,,Quaker<sup>®</sup> Granola Bars,Quaker chewy bars category.png,,View Products,24
46,Squares Cereal,4,3,Quaker<sup>®</sup> Cereal,Squares cereal Category.png,,View Products,25
52,Brownie Mix,3,,"Quaker<sup>®</sup> Muffin, Cookie & Brownie Mix",Brownie Mix Quaker product.png,,View Products,30
81,Harvest Crunch<sup>®</sup> Cereal,4,,Quaker<sup>®</sup> Cereal,Harvest Crunch Cereal category.png,,View Products,27
39,Instant Oatmeal Cups,2,1,Quaker<sup>®</sup> Instant Oatmeal,Qauker_instant_oat_cups.png,,View Products,29
73,Instant Oatmeal,2,,Quaker<sup>®</sup> Instant Oatmeal,Quaker_instant oat_category.png,,,28
53,Cookie Mix,3,,"Quaker<sup>®</sup> Muffin, Cookie & Brownie Mix",Cookie Quaker Mix category.png,,View Products,26
42,Life<sup>®</sup> Cereal,4,,Quaker<sup>®</sup> Cereal,Life Cereal Category.png,,View Products,31
49,Quaker<sup>®</sup> Granola Bars,1,,Quaker<sup>®</sup> Granola Bars,Quaker Granola Bar Category.png,,View Products,32
54,Low Fat Muffin Mix,3,,"Quaker<sup>®</sup> Muffin, Cookie & Brownie Mix",LowFatMuffinQuaker Category.png,,View Products,33
45,Oat Bran Cereal,4,,Quaker<sup>®</sup> Cereal,Quaker Oat bran cereral Product.png,,View Products,34
199,Quaker<sup>®</sup> Oat Flour,6,4,Quaker<sup>®</sup> Oat Flour,Quaker_Oat_Flour_Product.png,,View Products,35